Movie Name,United Arab Emirates,Mexico,Peru,Ecuador,France,Greece,Austria,Belgium,United Kingdom,Iceland,Argentina,Chile,New Zealand,Brazil,Uruguay,Australia,Bulgaria,Spain,Germany,Domestic,Russia/CIS,South Africa,Lebanon,Oman,Jordan,Kenya,East Africa,Norway,Taiwan,Malaysia,Philippines,Singapore,Thailand,Israel,Italy,Netherlands,Denmark,Sweden,Portugal,Türkiye,Czech Republic,Croatia,Finland,Slovakia,Serbia and Montenegro,Slovenia,South Korea,Hong Kong,Colombia,Switzerland (German),Hungary,Romania,Poland,Ukraine,Lithuania,Estonia,Latvia,Egypt,Bolivia,India,China,Qatar,Venezuela,Switzerland (French),Japan,Bahrain,Nigeria,Ghana,Ethiopia,Vietnam,Switzerland
Darker Than Night (2014),"$27,925","$5,220,626","$25,419","$16,081",,,,,,,,,,,,,,,,,,,,,,,,,,,,,,,,,,,,,,,,,,,,,,,,,,,,,,,,,,,,,,,,,,,
Project Almanac (2015),"$126,572","$1,197,027","$213,669",,"$1,327,085",,,,"$1,799,878",,,"$116,814","$285,559",,,"$1,021,128",,"$292,529",,,"$1,648,348","$41,858","$25,738","$7,791","$4,843","$3,139","$3,139",$361,"$553,951","$394,758","$367,622","$128,182","$118,610",,,,,,,,,,,,,,,,,,,,,,,,,,,,,,,,,,,,,,
Brooklyn (2015),"$75,057","$626,214","$44,004",,,"$25,136","$122,517","$111,019","$8,580,360",,"$248,283","$31,860","$910,568","$363,651","$55,999","$4,548,092",,"$1,910,246","$1,367,620","$38,322,743","$107,486","$119,241","$18,725",,,,,"$273,256","$39,194",,,"$59,906",,"$833,959","$712,026","$544,796","$273,936","$212,990","$145,831","$44,842","$32,239","$23,002","$20,492","$17,394","$15,979","$10,837","$344,399","$67,008","$21,857",,,,,,,,,,,,,,,,,,,,,,
Lila & Eve (2015),"$60,108",,,,,,,,,,,,,,,,,,,,,"$70,581","$9,014",,"$1,841",,,,,,,,,,,,,,,,,,,,,,,,,,,,,,,,,,,,,,,,,,,,,,
A Walk in the Woods (2015),"$39,257","$172,173",,,"$127,156","$84,274","$163,782","$33,769","$980,596",,,,"$305,593",,,"$1,295,251",,"$387,815","$1,187,721",,,"$58,975","$21,277",,"$14,689",,,,,,,,,,,,,,"$63,446","$18,310",,,,,"$3,153","$6,354",,,,"$279,876",,,,,,,,,,,,,,,,,,,,,
Sleeping with Other People (2015),"$199,809",,,,"$570,334","$30,017",,"$80,888","$15,030",,,,"$7,134",,,"$51,374",,"$3,673",,,"$24,346","$77,198","$51,678",,"$17,850",,,,"$21,453",,,,,,,"$194,258",,,"$50,459",,"$8,151",,,"$16,124","$9,045","$12,310","$44,671",,,,"$175,268","$101,951","$101,494","$55,686","$38,143","$31,083","$11,571",,,,,,,,,,,,,,
99 Homes (2014),"$11,355",,,,,"$32,860",,,"$57,837",$455,,,"$71,041",,,"$121,234",,,,,,,"$2,764",,,,,"$11,897",,,,,,,,,,,"$14,193",,,,,,,,"$92,669",,,,,,,,,,,,,,,,,,,,,,,,
Eden (2014),"$97,434","$69,609",,,"$204,434",,"$12,431","$4,894",,"$12,965",$403,,,,,,,"$36,161",,"$65,460",,,,,,,,"$8,590",,,,,,,,,,,,"$1,451",,,,,,,,,,,,,,,,,,,,,,,,,,,,,,,
I Smile Back (2015),"$4,635",,,,,,,,,,,,,,,,,,,,,,,,,,,,,,,,,,,,,,,,,,,,,,,,,,,,,,,,,,,,,,,,,,,,,,
Unexpected (2015),"$12,416",,,,,,,,,,,,,,,,,,,,,,,,,,,,,,,,,,,,,,,,,,,,,,,,,,,,,,,,,,,,,,,,,,,,,,
The Loft (2014),"$139,827","$484,957","$88,083","$58,241",,,"$149,850","$876,294",,,,,,,,,,,"$1,598,240","$6,002,684","$646,959","$10,846","$145,833",,"$8,501",,,"$1,473",,,,,"$65,555",,,,"$26,801","$4,652",,"$117,325",,,,,,,,"$98,079",,,"$41,185","$197,211","$235,662",,,,,"$18,185","$3,959",,,,,,,,,,,,
The Hateful Eight (2015),"$263,808","$733,865","$164,744",,"$12,377,651","$552,337","$2,016,000","$1,754,496","$10,425,114","$113,682","$999,468","$314,923","$724,301","$2,176,029","$69,352","$10,872,430","$110,031","$5,270,602","$13,251,349","$54,117,416","$6,432,602","$95,844","$58,125","$16,566",,,,"$1,958,495","$216,434",,,"$165,361","$191,822",,"$9,183,988","$3,481,841","$2,159,266","$2,645,782","$438,173","$679,805","$816,386","$167,906","$1,286,245","$232,900","$128,302","$103,969","$848,222","$231,912","$81,094","$1,669,594","$623,695","$342,884","$1,793,644","$350,147","$143,329",,"$80,573",,,"$160,648",,,,"$845,121","$2,060,447",,,,,,
The Little Penguin Pororo's Racing Adventure (2013),"$70,035",,,,,,,,,,,,,,,,,,,,"$248,467",,,,,,,,,,,,,,,,,,,,,,,,,,"$5,803,451",,,,,,,,,,,,,,"$940,000",,,,,,,,,,
The Wedding Ringer (2015),"$897,994",,,,,,"$323,052",,"$3,189,135","$59,275",,,"$270,020",,"$90,800","$2,424,512","$225,786","$575,473","$851,510",,,"$641,682","$197,722","$61,278","$53,611","$42,817",,,,"$344,803","$142,809","$336,044",,"$479,437",,,,"$287,893","$154,143",,,"$190,279",,"$25,675","$65,936","$79,374",,,,,"$340,472","$447,202",,,"$53,732","$38,538","$29,490","$21,340",,,,"$159,095","$621,201",,,"$190,031","$227,187","$31,211","$10,159","$93,615",
Wyrmwood: Road of the Dead (2014),"$14,769",,,,,,,,,,,,,,,"$96,372",,,,,,,,,,,,,,,,,,,,,,,,,,,,,,,,,,,,,,,,,,,,,,,,,,,,,,,
The Boy Next Door (2015),"$375,947","$1,367,745","$148,402","$74,676","$177,792",,"$483,430",,"$1,229,883",,"$21,262","$33,929",,"$295,817","$43,691",,"$39,414","$1,559,502","$2,411,675",,"$939,603","$139,293","$162,481","$26,467","$22,422",,,,"$175,222","$295,408","$500,285","$178,155",,"$405,723","$738,410","$591,939",,,"$125,633",,,"$40,067",,,"$31,419","$35,759",,"$48,022","$242,649","$278,639","$202,360",,"$343,097","$368,836","$39,079","$27,848","$36,178",,,"$54,502",,,"$224,202",,,,"$17,441",,,,
45 Years (2015),"$4,588","$82,493",,,"$827,543",,"$148,882",,"$2,632,138","$8,539","$135,142",,"$291,048","$138,503",,"$511,971",,"$599,421","$1,044,405",,"$8,365",,"$9,379",,,,,"$574,447","$38,698",,,,"$11,493",,"$580,899","$1,160,962","$205,504","$357,526","$79,921","$14,627",,"$1,849","$345,368",,,"$23,831","$146,270","$24,050",,"$164,655","$8,284",,,,"$2,163",,,,,,,,,,,,,,,,
Standing Ovation (2010),"$18,612",,,,,,,,,,,,,,,,,,,"$531,806",,,,,,,,,,,,,,,,,,,,,,,,,,,,,,,,,,,,,,,,,,,,,,,,,,,
Crimson Peak (2015),"$407,444","$5,716,941","$183,657","$164,964","$2,024,103","$559,568","$427,033","$432,701","$3,604,199","$30,978","$929,644","$123,367","$209,163","$984,782","$19,406","$1,395,175","$120,557","$3,437,403","$1,939,635",,"$4,783,752","$122,633","$47,658","$12,703",,"$5,530",,,"$935,400","$543,696","$207,244","$462,003","$163,589","$21,501","$2,058,385","$563,879","$151,296","$653,402","$343,225","$189,800","$152,669","$48,801","$327,822","$71,044","$27,852","$31,381","$312,156","$336,551","$130,469","$74,691","$205,191","$209,912","$375,169","$493,594","$59,704","$58,849","$60,339","$40,266","$30,346",,,,,"$43,423",,,,,,"$549,306",
Focus (2015),"$2,571,083","$8,410,724","$979,141","$631,059","$5,335,745","$568,091","$308,212","$1,306,251","$10,972,916","$68,459",$707,"$461,655","$667,314","$5,090,837","$158,963","$6,675,972","$240,064","$4,638,701","$3,082,610",,"$10,283,707","$753,095","$483,712","$191,816","$111,683","$367,528",,$397,"$1,116,630","$405,795","$383,629","$414,700","$321,292","$746,885","$5,680,356","$2,885,683","$536,145","$978,809","$644,937","$315,037","$145,934","$209,714","$105,407","$163,809","$82,393","$47,326","$494,204","$682,865","$2,139,051","$707,980","$33,989","$796,937","$771,233","$202,923","$101,165","$148,184","$159,787","$656,749",,"$393,049",,,,"$462,192","$3,657,012",,,,,"$13,673",
Every Thing Will Be Fine (2015),"$4,937",,,,,"$14,757","$24,432","$28,464",,,,,,,,,"$11,345","$1,538","$144,688",,,"$6,500",,,,,,,,,,,,,"$212,233",,,,"$9,178","$11,895",,,,,"$2,384",,"$50,714","$22,655",,,,,,,,,,,,,,,,,,,,,,,
The SpongeBob Movie: Sponge Out of Water (2015),"$1,295,734","$15,176,891","$2,946,120","$1,713,004","$7,999,456","$1,277,484","$1,462,132","$2,129,451","$11,898,007","$253,443",$205,"$1,657,101","$1,134,011","$17,188,528","$245,158","$6,322,043","$502,432","$6,237,937","$11,051,014",,"$8,862,353","$1,222,719","$300,743","$103,303","$82,249","$247,077",,,"$1,062,409","$1,285,739","$1,072,828","$872,925","$401,658","$4,347,459","$5,528,309","$2,935,503","$256,826","$588,692","$874,134","$1,671,456","$1,321,939","$347,088","$514,773","$252,395","$262,627","$256,054","$2,162,048","$564,004","$1,352,559",,"$1,059,284","$509,234","$2,322,967","$761,641","$322,129","$202,674","$229,571","$84,955","$560,997","$179,425","$8,762,372",,,"$256,164","$212,445",,,,,,
The Second Best Exotic Marigold Hotel (2015),"$220,822","$376,881","$62,104","$43,814","$713,887","$39,127","$310,173","$371,888","$23,064,109","$8,462","$240,099","$63,023","$2,644,487","$263,466","$54,534","$12,427,033",,"$2,433,712","$2,345,145","$33,078,266","$439,590","$490,174","$51,906","$10,841","$2,709","$29,097",,,"$210,338","$54,907","$17,001","$191,320",,"$141,931","$860,978","$446,881","$362,819","$652,586","$178,165","$32,496",,"$25,264","$132,579","$6,499","$12,222","$19,946",,"$231,791","$142,192","$409,838","$65,172",,"$185,450",,"$12,974",,"$16,323","$10,635",,"$166,539",,"$8,282","$136,740","$224,310",,"$5,570",,,,,
The Lazarus Effect (2015),"$123,324","$3,143,528","$309,063","$96,929","$1,186,091",,,,,,$18,"$52,459",,"$1,552,578","$63,847",,,,,,"$449,107","$40,349","$24,950","$10,477","$8,801",,,,"$234,215","$150,034","$162,115","$132,915","$62,900",,"$800,042",,,,"$19,216","$272,339","$51,953","$12,567",,"$85,353",,,"$120,519","$93,316",,,"$125,511",,,"$50,247","$27,804","$11,784","$10,341","$65,091",,,,,,,"$61,035",,,,,,
Spare Parts (2015),$44,"$79,228",,,,,,,,,,,,,,,,,,,,"$3,141",,,,,,,,,,,,,,,,,,,,,,,,,,,,,,,,,,,,,,,,,,,,,,,,,
Falcon Rising (2014),"$163,398",,,,,,,,,,,,,,,,,,,,,,,"$61,889","$18,964",,,,,,,,,,,,,,,,,,,,,,,,,,,,,,,,,,,,,,,,,"$11,451",,,,,
Run All Night (2015),"$1,659,075","$3,765,177","$609,569","$335,275","$2,904,398","$414,247","$316,257","$438,479","$3,033,411","$35,220","$461,642","$382,167","$209,278","$1,013,320","$78,832","$1,038,829","$80,292","$1,278,216","$2,634,943",,"$980,224","$389,447","$294,744","$160,789","$65,614","$17,552","$17,552","$131,078","$1,551,263","$885,092","$726,575","$607,179","$338,755","$713,466","$1,052,643","$605,692","$194,506","$575,393","$264,629",,"$96,059","$51,119","$18,554","$104,390","$22,362","$10,359","$1,953,415","$453,186",,"$369,920","$276,357","$301,796","$365,455",,"$33,590","$18,924","$17,729","$201,953","$106,163","$147,242",,,"$663,171","$87,206","$1,292,719",,"$40,723",,,"$259,506",
Clown (2014),"$114,356","$1,726,619","$159,807","$70,488",,,,,,,"$295,554",,,,"$7,416",,,,,,,,,"$19,092","$6,433",,,,,,"$65,981",,,,"$1,720,061",,,,,,,,,,,,,,"$118,142",,,,,,,,,,"$22,647",,,,,,,,,,,,
Cinderella (2015),"$3,025,190","$15,486,930","$2,670,566","$2,086,057","$11,265,336","$899,620","$946,527","$1,951,006","$32,849,459","$97,904","$1,368,674","$1,593,498","$2,544,059","$16,135,396","$197,946","$17,332,032","$396,396","$8,693,087","$7,700,576","$201,151,353","$11,464,091","$1,113,164","$600,532","$203,292","$169,184","$257,957","$257,957","$4,113,689","$1,704,196","$4,526,298","$4,702,050","$6,045,781","$2,555,524","$729,315","$16,178,079","$1,427,671","$911,417","$1,705,712","$1,122,985","$1,211,658","$567,891","$112,514","$1,013,205","$174,076","$92,283","$58,518","$5,064,161","$2,487,624","$2,543,497","$1,093,963","$518,592","$536,161","$2,144,073","$647,757","$82,442","$95,449","$77,541","$246,728","$422,027","$1,650,320","$71,570,000",,"$8,189,996","$680,102","$47,180,932",,"$18,676",,,"$39,133",
Gerhard Richter Painting (2011),,"$3,576",,,,,"$6,897",,,,,,,$781,,,,,"$463,645","$242,646",,,,,,,,,,,,,,,,,,,,,,,,,,,,,,,,,,,,,,,,,,,,,,,,,,,
The Diary of a Teenage Girl (2015),,"$2,985",$865,,,,,"$30,004","$125,845",,,,,,,,,"$18,346","$61,306",,,"$7,437",,,,,,,,,,,,,,,,"$39,922","$10,462",,,,,,,,,,,,,,$959,,,,,,,,,,,,,,,,,,
Me and Earl and the Dying Girl (2015),,"$34,493",,,"$11,945",,"$33,005","$37,520","$1,126,638",,,"$19,266","$90,971",,,"$342,021",,"$188,131","$25,799",,,"$18,133",,,,,,"$14,976",,,"$34,161","$71,070",,,,,"$29,630",,,,,,,,,,,"$24,225",,,,,,,,,,,,,,,,,,,,,,,
Black Venus (2010),,"$22,964",,,,,,,,,,,,,,,,,,,"$3,946",,,,,,,,,,,,,,,,,,,,,,,,,,,,,,,,,,,,,,,,,,,,,,,,,,
Party Girl (2014),,"$29,002",,,,,,,,,,,,,,,,,,,,,,,,,,,,,,,,,,,,,,,,,,,,,,,,,,,,,,,,,,,,,,,,,,,,,
Cody the Robosapien (2013),,"$191,504","$54,817",,,,,,"$2,347",,,,,,,,,,,,,,,$543,,,,,,,,"$36,178",,,,,,,,,,,,,,,,,,,,,,,,,,,"$3,209",,,"$1,904",,,,,,,,,
Three Many Weddings (2013),,"$400,783",,,,,,,,,,,,,,,,,,,,,,,,,,,,,,,,,,,,,,,,,,,,,,,,,,,,,,,,,,,,,"$49,005",,,,,,,,
Paper Towns (2015),,"$4,407,702","$317,980","$397,355","$3,105,831","$22,657","$345,322","$843,592","$5,242,976","$40,331","$1,035,269","$639,645","$547,977","$5,887,536","$90,292","$3,782,146","$31,713","$2,234,705","$2,795,437",,"$870,146","$196,109","$157,678","$15,566","$67,357","$10,952",,"$866,226",,"$350,971","$1,044,602","$457,078","$98,448","$227,888","$3,106,315","$1,303,034","$583,234","$1,170,446","$357,589",,"$156,783","$80,103","$435,666","$97,768","$57,061","$26,966",,"$514,453","$387,998","$264,332",,"$123,512","$632,982","$80,056","$60,266","$58,847","$41,368",,"$57,913",,,"$55,464","$980,203","$220,530",,"$73,996","$8,125",,,,
Journal d'une femme de chambre (2015),,"$50,370",,,"$1,723,277",,,"$69,133",,,,,,"$26,758",,,,,,"$54,235",,,,,,,,,,,,,,,,,,,$815,,,,,,,,,,"$1,637",,,"$11,173","$5,142",,,,,,,,,,,"$29,522",,,,,,,
Victoria (2015),,"$32,336",,,,,,,,,,,,,,"$53,195",,,,,$304,,,,,,,,,,,,,,,,,,,,,,,,,,,,,,,,,,,,,,,,,,,,,,,,,,
The Golden Dream (2013),,"$906,790",,,,,,,,,,,,"$14,759",,,,,,,,,,,,,,,,,,,,,,,,,,,,,,,,,,,"$12,330",,,,,,,,,,,,,,,,,,,,,,
Timbuktu (2014),,"$152,897",,,"$4,152,207","$22,713","$92,724","$347,058",,,,,,,,,,"$411,238","$152,939",,,,,,,,,,"$13,934",,,,,,"$462,816","$244,660","$36,665",,,"$13,465",,,,,,,,,,,,,,,,,,,,,,,,,,,,,,,
Mahler on the Couch (2010),,"$19,294",,,,,"$173,233",,,,,,,,,,,,"$579,981",,,,,,,,,,,,,,,,,,,,,,,,,,,,,,,,,,,,,,,,,,,,,,,,,,,,
Demonic (2015),,"$1,622,108",,"$105,395",,,,,,,"$497,618","$160,437",,,"$18,779",,,,,,"$149,377",,,,,,,,"$97,185","$617,160",,"$281,018","$143,521",,,,,,,,,,,,,,,,"$185,601",,,,,,,,,,"$43,297",,,,,,,,,,,,
Call Me Elisabeth (2006),,"$1,978",,,,,,,,,,,,,,,,,,,,,,,,,,,"$10,214",,,,,,,,,,,,,,,,,,,,,,,,,,,,,,,,,,,,,,,,,,
"McFarland, USA (2015)",,"$424,265","$27,572","$118,809",,,,,"$19,401",,,,,,"$2,666",,,,,,,"$9,154",,,,,,"$1,774",,,,,,"$16,746",,,,,,"$10,713",,,,,,,,,$711,,,,,,,,,,,,,,,,,,,,,,
The Cobbler (2014),,"$1,353,414","$851,715","$84,782",,,,,,,,"$100,695",,"$1,056,200","$85,838",,,,,,,,,,,,,,"$60,926","$344,398",,"$102,562",,,,,,,,,,,,,,,"$283,528","$106,562",,,,,,,,,,,"$23,283",,,,"$166,559",,,,,,,,
Amador (2010),,,"$11,741",,,,,,,,,,,,,,,,,,,,,,,,,,,,,,,,,,,,,,,,,,,,,,,,,,,,,,,,,,,,,,,,,,,,
Aloft (2014),,,"$33,283",,,,,,,,,,,,,,,"$184,602",,,,,,,,,,,,,,,,,,,,,,,,,,,,,,,,,,,,,,,,,,,,,,,,,,,,,
[REC] 4: Apocalypse (2014),,,"$704,052","$124,607","$1,799,681",,,"$139,908",,,"$217,205",,,,,,,"$1,259,390",,,"$158,058",,,,,,,,,,,,,,,,,,,,,,,,,,,"$329,727",,,,,"$182,292",,,,,,,,,,,,,,,,,,
Vice (2015),,,"$42,064",,,,,,,,,,,,,,,,,,"$120,531",,,,,,,,"$274,666","$343,877",,"$29,401",,,,,,,,,,,,,,,,,,,,,,,,,,,,,,,,,,,,,,,
Unfinished Business (2015),,,"$80,777",,"$1,550",,,,"$1,057,035",,,,"$160,405",,,"$1,073,442",,"$98,031",,,"$604,515","$10,371",,,,,,,,,"$144,497","$167,917",,,,,,,,,,,,,,,,,,,"$135,824",,,"$163,653",,,,,,,,,,,,,,,,,
Conference of Animals (2010),,,"$427,790",,,,,,,,,,,"$1,688,896",,,,,,,"$5,002,839",,,,,,,,,,,"$103,597",,,,,,,,,,,,,,,"$1,605,278",,,,,,,,,,,,"$52,373",,,,,,,,,,,,
Wolf Totem (2015),,,,"$5,369","$8,811,832",,"$55,315","$198,456",,,"$4,740","$1,800",,,,,,"$1,531,645","$394,554",,,"$13,321",,,,,,,,,,,$869,,"$3,473,496",,,,"$93,728","$35,486",,,,,,"$2,999",,"$269,068","$18,761",,,"$15,503",,,,,,,,,"$110,460,000",,,"$239,537",,,,,,,
The Blue Room (2014),,,,,"$742,520","$64,542","$48,375","$39,187","$5,490","$3,091","$57,915","$7,034","$10,080",,,,,,,,,,,,,,,,,,,,,,,,,,,,,,,,,,,,,,,,,,,,,,,,,,,,,,,,,,
Gangsters (2002),,,,,"$1,313,972",,,,,,,,,,,,"$9,368",,,,,,,,,,,,,,,,,,,,,,,,,,,,,,,,,,,,,,,,,,,,,,,,,,,,,,
Mistress America (2015),,,,,"$105,955",,"$23,119",,"$257,789",,,,"$9,537","$64,409",,"$52,126",,"$107,385","$73,795",,,"$16,961",,,,,,"$37,214",,,,,,,"$39,510",,,,,,,,,,,,"$52,506",,,,,,,,,,,,,,,,,,,,,,,,
True Story (2015),,,,,"$3,784",,,,"$214,608",,,,,,,,,"$199,874","$91,436",,,"$32,198",,,,,,,,,,,,,,,,,,,,,,,,,,,,,,,,,,,,,,,,,,,,,,,,,
Girlhood (2014),,,,,"$1,623,908",,,"$43,023","$101,492","$1,372",,,,,,,,"$24,399",,,,,,,,,,"$8,031",,,,,,,,,,,,,,,,,,,,,,,,,,,,,,,,,,,,,,,,,,,
Dope (2015),,,,,"$131,397",,,,,,,,"$18,705",,,,,"$2,436","$71,910",,,"$2,717",,,,,,,,,,,,,,"$201,096","$3,241",,,,,,,,,,,,,,,,,,,,,,,,,,,,,,,,,,
Songs My Brothers Taught Me (2015),,,,,"$112,144",,,,,,,,,,,,,,,,,,,,,,,,,,,,,,,,,,,,,,,,,,,,,,,,,,,,,,,,,,,,,,,,,,
Reality (2012),,,,,"$337,325",,,"$39,255","$25,237",,"$42,868",,"$2,786","$66,284",,,,"$93,604",,,"$20,834",,,,,,,,,,,,,,"$2,617,973",,,,"$32,253",,,,,,,,,,,,,,,,,,,,,,,,,,,,,,,,
Amnèsia (2002),,,,,"$170,565",,,,,,,,,,,,,,,,,,,,,,,,,,,,,,"$2,000,657",,,,,,,,,,,,,,,,,,,,,,,,,,,,,,,,,,,,
Estomago: A Gastronomic Story (2007),,,,,"$28,466",,,"$30,463",,,,,,"$302,539",,,,"$262,827",,,,,,,,,,,"$5,517",,,,,,,"$47,049",,,,,,,,,,,,,,,,,,,,,,,,,,,,,,,,,,,
Miss Julie (2014),,,,,"$81,251",,"$6,855",$415,"$45,260",,,,,,,,,"$311,670",,,,,,,,,,"$40,148",,,,,,,,,,,"$26,189",,,,,,,,,,"$8,657",,,"$6,649",,,,,,,,,,,,,,,,,,,
All Together (2011),,,,,"$3,062,436",,"$422,032",,,,"$111,615",,,"$587,199","$57,483","$284,301",,"$387,303","$3,037,758",,,,,,,,,"$81,329",,,,,,,"$255,537","$312,528",,,"$10,106",,"$8,396",,,,$232,,,,"$174,468",,,,,,,,,,,,,,,,,,,,,,
Masai: The Rain Warriors (2004),,,,,"$267,639",,,,,,,,,,,,,,,"$7,650",,,,,,,,,,,,,,,,,,,,,,,,,,,,,,,,,,,,,,,,,,,,,,,,,,,
Lost River (2014),,,,,"$335,454",,"$9,704","$27,828",,,,,,,,,,"$18,324",,,,,,,,,,,,,"$15,070",,"$3,687",,"$130,371",,,,,,,,,,,,,,,,,,"$28,375",,,,"$1,256",,,,,,,,,,,,,,
Unforgivable (2011),,,,,"$1,099,385",,,"$69,332",,,,,,,,,,,,,"$22,125",,,,,,,,,,,,,,,,,,"$6,115",,,,,,,,,,,,,,,,,,,,,,,,,,,,,,,,
In the Name of My Daughter (2014),,,,,"$2,127,384","$109,325",,"$4,951",,,,,,,,,,,,,,,,,,,,,,,,,,,,,,,,,,,"$18,711",,,,,,,,,,,,,,,,,,,,,,,,,,,,
The Wonders (2014),,,,,"$1,127,672","$23,566","$30,189","$72,481",,,"$32,109",,,,,,"$4,381","$49,785",,"$73,378","$29,466",,,,,,,,,,,,,,"$1,274,922","$83,875",,,,,,,,,,,,,,,,,,,,,,,,,,,,,,,,,,,
Knight of Cups (2015),,,,,"$102,931",,"$16,434","$26,169","$14,899",,,,,,,,,,"$144,174",,,"$2,425",,,,,,,"$4,121",,,,"$4,754",,,"$64,402",,,"$56,396",,,,"$13,534",,,,"$10,043",,,,,,,,,,,,,,,,,,,,,,,,
Ixcanul (2015),,,,,"$242,266",,,"$47,995",,,,,,,,,,,"$4,789",,,,,,,,,"$4,629",,,,,,,,,,,,,,,,,,,,,,,,,,,,,,,,,,,,,,,,,,,
Cloud 9 (2008),,,,,"$85,830",,"$181,125","$10,441","$28,302",,"$56,116","$37,480",,,"$8,824",,,"$155,768","$3,874,417","$91,675","$2,034",,,,,,,"$69,885",,,,,,,"$145,980","$53,115",,,"$10,526",,,,,,,,"$5,363",,"$52,628",,$68,,,,,,,,,,,,,,,,,,,,"$84,994"
Reality (2014),,,,,"$408,492",,,"$10,490",,,,,"$5,601",,,,,,,,,,,,,,,,,,,,,,,,,,,,"$2,237",,,,,,,,,,,,"$2,400",,,,,,,,,,,,,,,,,,
The Magic Flute (2006),,,,,"$159,065",,,,"$133,655",,"$27,214",$629,,,,"$35,140",,"$115,600","$32,170",,,,,,,,,,"$12,050",,,,,,"$92,753",,,"$87,026",,,,,,,,,,,,,,,,,,,,,,,,,"$5,688",,"$1,294,175",,,,,,
Papa (2005),,,,,"$2,029,957",,,,,,,,,,,,,,,,,,,,,,,,,,,,,,,,,,,,,,,,,,"$1,747,575",,,,,,,,,,,,,,,,,,,,,,,,
The Connection (2014),,,,,"$11,447,153",,,,,,,,,"$74,278",,,,"$16,048",,,"$40,555",,"$9,878",,,,,"$96,226",,,,,,,"$158,810",,,,,"$16,242",,,,,,,,,,,,,,,"$6,527",,"$5,744",,,,,,,,,,,,,,
Impy's Wonderland (2008),,,,,"$738,142",,"$208,296",,,,,,,"$327,790",,,,,"$3,072,041",,"$1,234,584",,,,,,,,,,,,,,"$273,774",,,,"$78,805","$343,601",,,,,,,"$164,546",,,,,,"$380,775",,,,,,"$327,790",,,,,,,,,,,,
Bright Days Ahead (2013),,,,,"$3,318,325","$19,500","$156,578","$73,405","$71,929",,,,,"$442,325","$11,237",,,"$130,820","$562,561","$21,770","$50,709",,,,,,,,,,,,,,,"$89,880",,,,,,,,,,,,,,,,,,,,,,,,,,,,,,,,,,,
Li'l Quinquin (2014),,,,,,,"$7,422",,,,,,,,,,,"$3,254",,,,,,,,,,,,,,,,,,,,,,,,,,,,,,,,,,,,,,,,,,,,,,,,,,,,,
Stations of the Cross (2014),,,,,,,"$5,250","$7,311",,,,,,,,,,"$14,054","$43,775",,,,,,,,,$319,,,,,,,,,,,"$2,295",,,,,,,,,,,,,,,,,,,,,,,,,,,,,,,,
In the Basement (2014),,,,,,,"$177,369",,,"$1,174",,,,,,,,"$3,279",,,,,,,,,,,,,,,,,,,,,,,,,,,,,,,,,,,,,,$571,,,,,,,,,,,,,,,
A Pigeon Sat on a Branch Reflecting on Existence (2014),,,,,,,"$80,415",,,,,,,,,,"$7,765","$117,205",,,"$62,641",,,,,,,"$201,947",,,,,,,"$351,839",,,"$390,636",,,,"$4,610","$26,012",,,,,,,,,,"$5,622",,$750,,,,,,,,,,,,,,,,
The Gruffalo's Child (2011),,,,,,,,"$1,493","$17,465",,,,,,,,,,,,,,,,,,,,,,,,,,,,,,,,,,,,,"$22,229",,,,,,,,,,,,,,,,,,,,,,,,,
Of Horses and Men (2013),,,,,,,,,"$28,215","$172,485","$20,396",,,,,,,"$6,979",,,,,,,,,,,,,,,,,,,,,,,,,,,,,,,,,,,,,,,,,,,,,,,,,,,,,
I'll See You in My Dreams (2015),,,,,,,,,"$2,831",,,,,,,,,,,,,,,,,,,,,,,,,,,,,,,,,,,,,,,,,,,,,,,,,,,,,,,,,,,,,,
Mississippi Grind (2015),,,,,,,,,"$29,592",,,,,,,,,,,,,"$9,920",,,,,,,,,,,,,"$248,857",,,,"$3,836",,,,,,,,,,,,,,,,,,,,,,,,,,,,,,,,
The D Train (2015),,,,,,,,,"$13,233",,,,,,,,,"$5,586","$66,209",,,,,,,,,,,,,,,,,,,,,,,,,,,,,,,,,,,,,,,,,,,,,,,,,,,,
The Stanford Prison Experiment (2015),,,,,,,,,"$2,553",,,,,,,,,,,,,,,,,,,,,,,,,,,,,,,,,,,,,,,,,,,,,,,,,,,,,,,,,,,,,,
The Forbidden Room (2015),,,,,,,,,"$13,678",,,,,,,,,,,,,,,,,,,,,,,,,,,,,,,,,,,,,,,,,,,,,,,,,,,,,,,,,,,,,,
Life's a Breeze (2013),,,,,,,,,"$99,668",,,,,,,,,,,"$3,450",,,,,,,,,,,,,,,,,,,,,,,,,,,,,,,,,,,,,,,,,,,,,,,,,,,
Hot Tub Time Machine 2 (2015),,,,,,,,,"$132,158","$1,163",,,,,,,,,,,"$374,043",,,,,,,"$1,088",,,,,,,,,,,,,,,,,,,,,,,,,,,,,,,,,,,,,,,,,,,
Effie Gray (2014),,,,,,,,,"$368,609",,,,,,,,,,,,,,,,,,,,,,,,,,,,,,,,,,,,,,,,,,,,,,,,,,,,,,,,,,,,,,
Bogowie (2014),,,,,,,,,"$356,717",,,,,,,,,"$7,336",,,,,,,,,,,,,,,,,,,,,,,,,,,,,,,,,,,"$11,596,605",,,,,,,,,,,,,,,,,,
Raanjhanaa (2013),,,,,,,,,"$225,712",,,,,,,"$42,817",,,,,,,,,,,,,,,,,,,,,,,,,,,,,,,,,,,,,,,,,,,,"$8,594,038",,,,,,,,,,,
Doll (2013),,,,,,,,,"$1,642",,,,,,,,,"$36,776",,,,,,,,,,,,,,,,,,,,,,,,,,,,,,,,,,,"$529,112",,,,,,,,,,,,,,,,,,
Gimme the Loot (2012),,,,,,,,,"$12,341",,,,,,,,,,,,,,,,,,,,,,,,,,,,,,,,,,,,,,,,,,,,,,,,,,,,,,,,,,,,,,
A Gun in Each Hand (2012),,,,,,,,,,,"$251,755",,,"$525,818","$85,743","$387,023",,,,,,,,,,,,,,,,,,,,,,,,,,,,,,,,,,,,,,,,,,,,,,,,,,,,,,,
Ismael (2013),,,,,,,,,,,"$74,026","$21,770",,,"$7,288",,,,,,,,,,,,,,,,,,,,,,,,,,,,,,,,,,,,,,,,,,,,,,,,,,,,,,,,
Kidnapping Mr. Heineken (2015),,,,,,,,,,,"$99,965",,"$33,417","$546,741","$38,497",,,,,,"$58,007",,,,,,,,,,"$72,656","$16,843","$90,313",,,,,,,,,,,,,,,"$52,537","$58,285",,,,,,,,,,,,"$1,430,721",,,,,,,,,"$82,836",
Experimenter (2015),,,,,,,,,,,,,"$51,859",,,,,"$1,171",,,,,,,,,,,,,,,,,,,,,"$15,540",,,,,,,,,,,,,,,,,,,,,,,,,,,,,,,,
Cobain: Montage of Heck (2015),,,,,,,,,,,,,"$28,786",,,"$222,520",,,,,,,,,,,,,,,,,,,,,,,,,,,,,,,,,,,,,,,,,,,,,,,,,,,,,,,
People Places Things (2015),,,,,,,,,,,,,"$110,292",,,,,,,,,,,,,,,,,,,,,,,,,,,,,,,,,,,,,,,,,,,,,,,,,,,,,,,,,,
Chaar Sahibzaade (2014),,,,,,,,,,,,,"$105,693",,,"$544,837",,,,,,,,,,,,,,,,,,,,,,,,,,,,,,,,,,,,,,,,,,,,"$263,975",,,,,,,,,,,
Piggy (2012),,,,,,,,,,,,,$496,,,,,,,,,,,,,,,,,,,,,,,,,,,,,,,,,,,,,,,,,,,,,,,,,,,,,,,,,,
Personal Tailor (2013),,,,,,,,,,,,,"$66,217",,,"$96,993",,,,,,,,,,,,,,,,,,,,,,,,,,,,,,,,"$67,356",,,,,,,,,,,,,"$115,520,000",,,,,,,,,,
Mumbai Diaries (2010),,,,,,,,,,,,,"$13,698",,,"$65,442",,,,,,,,,,,,,,"$22,936",,,,,,,,,,,,,,,,,,,,,,,,,,,,,,"$2,404,243",,,,,,,,,,,
Camille Rewinds (2012),,,,,,,,,,,,,"$16,398","$76,162",,,,,,,,,,,,,,,,,,,,,,,,,,,,,,,,,"$36,063",,,,,,,,,,,,,,,,,,,,,,,,
Grandmother (2009),,,,,,,,,,,,,,"$246,544",,,,,,,,,,,,,,,,,,,,,,,,,,,,,,,,,,,,,,,,,,,,,,,,,,,,,,,,,
Attila Marcel (2013),,,,,,,,,,,,,,"$59,962",,,,,,,"$190,335",,,,,,,,,,,,,,,,,,,,,,,,,,"$596,188",,,,,,,,,,,,,,,,,,,,,,,,
Superfast! (2015),,,,,,,,,,,,,,"$287,851",,,,,,,"$419,987",,,,,,,,,,,,"$254,839",,,,,,,,,,,,,,,,,,,,,,,,,,,,,,,,,,,,,"$9,475",
My Summer in Provence (2014),,,,,,,,,,,,,,"$12,600",,,,,,,,,,,,,,,,,,,,,,,,,,,,,,,,,"$28,542",,,,,,,,,,,,,,,,,,,,,,,,
The French Kissers (2009),,,,,,,,,,,,,,,,"$57,539",,,,,,,,,,,,,,,,,,,,,,,,,,,,,,,,,,,,,,,,,,,,,,,,,,,,,,,
The End of the Tour (2015),,,,,,,,,,,,,,,,,,"$5,748",,,,,,,,,,$63,,,,,,,"$51,781",,,,,,,,,,,,,"$12,515",,,,,,,,,,,,,,,,,,,,,,,
The Anderssons in Greece (2012),,,,,,,,,,,,,,,,,,"$35,619",,,,,,,,,,,,,,,,,,,,"$7,170,719",,,,,"$108,846",,,,,,,,,,,,,,,,,,,,,,,,,,,,
The Last Five Years (2014),,,,,,,,,,,,,,,,,,"$2,138",,,,,,,,,,,"$22,140",,"$34,441","$16,939","$35,148",,,,,,,,,,,,,,,"$35,859",,,,,,,,,,,,,,,,,,,,,,,
The Color of Milk (2004),,,,,,,,,,,,,,,,,,,"$53,193",,,,,,,,,"$673,036",,,,,,,,,,,,,,,,,,,,,,,,,,,,,,,,,,,,,,,,,,,
The Hunting Ground (2015),,,,,,,,,,,,,,,,,,,,"$405,917",,,,,,,,,,,,,"$5,198",,,,,,,,,,,,,,,,,,,,,,,,,,,,,,,,,,,,,,
Joséphine (2013),,,,,,,,,,,,,,,,,,,,,"$51,383",,,,,,,,,,,,,,,,,,,,,,,,,,,,,,,,,,,,,,,,,,,,,,,,,,
Scorpion in Love (2013),,,,,,,,,,,,,,,,,,,,,"$23,589",,,,,,,,,,,,,,,,,,,,,,,,,,,,,,,,,,,,,,,,,,,,,,,,,,
Valley of Flowers (2006),,,,,,,,,,,,,,,,,,,,,"$27,915",,,,,,,,,,,,,,,,,,,,,,,,,,,,,,,,,,,,,,,,,,,,,,,,,,
Boy Meets Girl (2014),,,,,,,,,,,,,,,,,,,,,"$6,166",,,,,,,,,,,,,,,,,,,,,,,,,,,,,,,,,,,,,,,,,,,,,,,,,,
Phantom Pain (2009),,,,,,,,,,,,,,,,,,,,,"$9,574",,,,,,,,,,,,,,,,,,,,,,,,,,,,,,,,,,,,,,,,,,,,,,,,,,
The Stone Council (2006),,,,,,,,,,,,,,,,,,,,,"$390,000",,,,,,,,,,,,,,,,,,,,,,,,,,,,,,,,,,,,,,,,,,,,,,,,,,
Northmen: A Viking Saga (2014),,,,,,,,,,,,,,,,,,,,,"$837,203",,,,,,,,,"$350,303",,,,,,,,,,,,,,,,,,,,,,,,,,,,,,,,,,,,,,,,"$51,111",
Soulless (2012),,,,,,,,,,,,,,,,,,,,,"$13,364,412",,,,,,,,,,,,,,,,,,,,,,,,,,,,,,,,,,,,,,,,,,,,,,,,,,
The Voice of the Moon (1990),,,,,,,,,,,,,,,,,,,,,"$20,709",,,,,,,,,,,,,,,,,,,,,,,,,,,,,,,,,,,,,,,,,,,,,,,,,,
Z for Zachariah (2015),,,,,,,,,,,,,,,,,,,,,,"$14,116",,,,,,,,,"$6,931",,"$1,709",,"$192,212",,,,"$26,710",,,"$4,088",,,,,"$14,612",,,,,,,,,,,,,,,,,,,,,,,,
Exhibition (2013),,,,,,,,,,,,,,,,,,,,,,,,,,,,$34,,,,,,,,,,,,,,,,,,,,,,,,,,,,,,,,,,,,,,,,,,,
Wild Card (2015),,,,,,,,,,,,,,,,,,,,,,,,,,,,,"$53,963",,,"$58,449","$230,295",,,,,,,,,,,,,,,,,,,,,,,,,,,,,,,,,,,,,,
Stand by Me Doraemon (2014),,,,,,,,,,,,,,,,,,,,,,,,,,,,,"$864,812","$55,060","$5,877","$593,842","$1,290,644",,,,,,,,,,,,,,"$3,275,458","$6,047,317",,,,,,,,,,,,,"$86,920,000",,,,"$79,003,725",,,,,,
Naan Kadavul (2009),,,,,,,,,,,,,,,,,,,,,,,,,,,,,,"$380,756",,,,,,,,,,,,,,,,,,,,,,,,,,,,,,,,,,,,,,,,,
Tracers (2015),,,,,,,,,,,,,,,,,,,,,,,,,,,,,,"$301,979",,"$78,962","$327,417",,,,,,,,,,,,,,"$137,676","$15,214",,,,,,,,,,,,,,,,,,,,,,,
Killer Mermaid (2014),,,,,,,,,,,,,,,,,,,,,,,,,,,,,,,"$87,983",,,,,,,,,,,,,,,,,,,,,,,,,,,,,,,,,,,,,,,,
Lights Out (2010),,,,,,,,,,,,,,,,,,,,,,,,,,,,,,,,"$5,682",,,,,,,,,,,,,,,,,,,,,,,,,,,,,,,,,,,,,,,
The Blue Elephant (2006),,,,,,,,,,,,,,,,,,,,,,,,,,,,,,,,,"$2,269,061",,,,,,,,,,,,,,,,,,,,,,,,,,,"$805,184","$538,636",,,,,,,,,,
Stray Dogs (2013),,,,,,,,,,,,,,,,,,,,,,,,,,,,,,,,,,,,,,,"$3,140",,,,,,,,,,,,,,,,,,,,,,,,,,,,,,,,
Greetings from Tim Buckley (2012),,,,,,,,,,,,,,,,,,,,,,,,,,,,,,,,,,,,,,,,,,,,,,,,$998,,,,,,,,,,,,,,,,,,,,,,,
Tokyo Fiancée (2014),,,,,,,,,,,,,,,,,,,,,,,,,,,,,,,,,,,,,,,,,,,,,,,,"$42,817",,,,,,,,,,,,,,,,,,,,,,,
Last Days in the Desert (2015),,,,,,,,,,,,,,,,,,,,,,,,,,,,,,,,,,,,,,,,,,,,,,,,,"$17,431",,,,,,,,,,,,,,,,,,,,,,
Up in the Wind (2013),,,,,,,,,,,,,,,,,,,,,,,,,,,,,,,,,,,,,,,,,,,,,,,,,,,,,,,,,,,,,"$11,780,000",,,,,,,,,,
