imdbId,imdbid,Movie Name,Argentina,Australia,Austria,Bahrain,Belgium,Bolivia,Brazil,Bulgaria,Chile,China,Colombia,Croatia,Czech Republic,Denmark,Domestic,East Africa,Ecuador,Egypt,Estonia,Ethiopia,Finland,France,Germany,Ghana,Greece,Hong Kong,Hungary,Iceland,India,Israel,Italy,Japan,Jordan,Kenya,Latvia,Lebanon,Lithuania,Malaysia,Mexico,Netherlands,New Zealand,Nigeria,Norway,Oman,Peru,Philippines,Poland,Portugal,Qatar,Romania,Russia/CIS,Serbia and Montenegro,Singapore,Slovakia,Slovenia,South Africa,South Korea,Spain,Sweden,Switzerland,Switzerland (French),Switzerland (German),Taiwan,Thailand,Türkiye,Ukraine,United Arab Emirates,United Kingdom,Uruguay,Venezuela,Vietnam
3450116,,Darker Than Night (2014),,,,,,,,,,,,,,,,,"$16,081",,,,,,,,,,,,,,,,,,,,,,"$5,220,626",,,,,,"$25,419",,,,,,,,,,,,,,,,,,,,,,"$27,925",,,,
3230082,,The Blue Room (2014),"$57,915",,"$48,375",,"$39,187",,,,"$7,034",,,,,,,,,,,,,"$742,520",,,"$64,542",,,"$3,091",,,,,,,,,,,,,"$10,080",,,,,,,,,,,,,,,,,,,,,,,,,,,"$5,490",,,
1496792,,Grandmother (2009),,,,,,,"$246,544",,,,,,,,,,,,,,,,,,,,,,,,,,,,,,,,,,,,,,,,,,,,,,,,,,,,,,,,,,,,,,,,
1945034,,A Gun in Each Hand (2012),"$251,755","$387,023",,,,,"$525,818",,,,,,,,,,,,,,,,,,,,,,,,,,,,,,,,,,,,,,,,,,,,,,,,,,,,,,,,,,,,,,"$85,743",,
0282515,,Gangsters (2002),,,,,,,,"$9,368",,,,,,,,,,,,,,"$1,313,972",,,,,,,,,,,,,,,,,,,,,,,,,,,,,,,,,,,,,,,,,,,,,,,,,
3074732,,Of Horses and Men (2013),"$20,396",,,,,,,,,,,,,,,,,,,,,,,,,,,"$172,485",,,,,,,,,,,,,,,,,,,,,,,,,,,,,,"$6,979",,,,,,,,,,"$28,215",,,
3053694,,Li'l Quinquin (2014),,,"$7,422",,,,,,,,,,,,,,,,,,,,,,,,,,,,,,,,,,,,,,,,,,,,,,,,,,,,,,,"$3,254",,,,,,,,,,,,,
1982113,,Gerhard Richter Painting (2011),,,"$6,897",,,,$781,,,,,,,,"$242,646",,,,,,,,"$463,645",,,,,,,,,,,,,,,,"$3,576",,,,,,,,,,,,,,,,,,,,,,,,,,,,,,,,
2430044,,Joséphine (2013),,,,,,,,,,,,,,,,,,,,,,,,,,,,,,,,,,,,,,,,,,,,,,,,,,,"$51,383",,,,,,,,,,,,,,,,,,,,
1477171,,Amador (2010),,,,,,,,,,,,,,,,,,,,,,,,,,,,,,,,,,,,,,,,,,,,,"$11,741",,,,,,,,,,,,,,,,,,,,,,,,,,
2436386,,Project Almanac (2015),,"$1,021,128",,,,,,,"$116,814",,,,,,,"$3,139",,,,,,"$1,327,085",,,,,,,,,,,"$4,843","$3,139",,"$25,738",,"$394,758","$1,197,027",,"$285,559",,$361,"$7,791","$213,669","$367,622",,,,,"$1,648,348",,"$128,182",,,"$41,858",,"$292,529",,,,,"$553,951","$118,610",,,"$126,572","$1,799,878",,,
2381111,,Brooklyn (2015),"$248,283","$4,548,092","$122,517",,"$111,019",,"$363,651",,"$31,860",,"$21,857","$23,002","$32,239","$273,936","$38,322,743",,,,,,"$20,492",,"$1,367,620",,"$25,136","$67,008",,,,"$833,959","$712,026",,,,,"$18,725",,,"$626,214","$544,796","$910,568",,"$273,256",,"$44,004",,,"$145,831",,,"$107,486","$15,979","$59,906","$17,394","$10,837","$119,241","$344,399","$1,910,246","$212,990",,,,"$39,194",,"$44,842",,"$75,057","$8,580,360","$55,999",,
3416744,,The End of the Tour (2015),,,,,,,,,,,,,,,,,,,,,,,,,,"$12,515",,,,,"$51,781",,,,,,,,,,,,$63,,,,,,,,,,,,,,,"$5,748",,,,,,,,,,,,,
3726704,,Experimenter (2015),,,,,,,,,,,,,,,,,,,,,,,,,,,,,,,,,,,,,,,,,"$51,859",,,,,,,"$15,540",,,,,,,,,,"$1,171",,,,,,,,,,,,,
3442990,,Lila & Eve (2015),,,,,,,,,,,,,,,,,,,,,,,,,,,,,,,,,"$1,841",,,"$9,014",,,,,,,,,,,,,,,,,,,,"$70,581",,,,,,,,,,,"$60,108",,,,
3513054,,Last Days in the Desert (2015),,,,,,,,,,,"$17,431",,,,,,,,,,,,,,,,,,,,,,,,,,,,,,,,,,,,,,,,,,,,,,,,,,,,,,,,,,,,
3236120,,I'll See You in My Dreams (2015),,,,,,,,,,,,,,,,,,,,,,,,,,,,,,,,,,,,,,,,,,,,,,,,,,,,,,,,,,,,,,,,,,,,"$2,831",,,
2349144,,Mississippi Grind (2015),,,,,,,,,,,,,,,,,,,,,,,,,,,,,,,"$248,857",,,,,,,,,,,,,,,,,"$3,836",,,,,,,,"$9,920",,,,,,,,,,,,"$29,592",,,
2872462,,Mistress America (2015),,"$52,126","$23,119",,,,"$64,409",,,,,,,,,,,,,,,"$105,955","$73,795",,,,,,,,"$39,510",,,,,,,,,,"$9,537",,"$37,214",,,,,,,,,,,,,"$16,961","$52,506","$107,385",,,,,,,,,,"$257,789",,,
1178665,,A Walk in the Woods (2015),,"$1,295,251","$163,782",,"$33,769",,,,,,,,,,,,,,,,,"$127,156","$1,187,721",,"$84,274",,,,,,,,"$14,689",,,"$21,277",,,"$172,173",,"$305,593",,,,,,,"$63,446",,,,"$3,153",,,"$6,354","$58,975",,"$387,815",,,,"$279,876",,,"$18,310",,"$39,257","$980,596",,,
2273657,,True Story (2015),,,,,,,,,,,,,,,,,,,,,,"$3,784","$91,436",,,,,,,,,,,,,,,,,,,,,,,,,,,,,,,,,"$32,198",,"$199,874",,,,,,,,,,"$214,608",,,
3165612,,Sleeping with Other People (2015),,"$51,374",,,"$80,888",,,,,,,,"$8,151",,,,,,"$31,083",,,"$570,334",,,"$30,017",,"$175,268",,,,,,"$17,850",,"$11,571","$51,678","$38,143",,,"$194,258","$7,134",,,,,,"$101,494","$50,459",,"$101,951","$24,346","$9,045",,"$16,124","$12,310","$77,198","$44,671","$3,673",,,,,"$21,453",,,"$55,686","$199,809","$15,030",,,
4229236,,Cobain: Montage of Heck (2015),,"$222,520",,,,,,,,,,,,,,,,,,,,,,,,,,,,,,,,,,,,,,,"$28,786",,,,,,,,,,,,,,,,,,,,,,,,,,,,,,
4185572,,The Hunting Ground (2015),,,,,,,,,,,,,,,"$405,917",,,,,,,,,,,,,,,,,,,,,,,,,,,,,,,,,,,,,,,,,,,,,,,,,"$5,198",,,,,,,
2891174,,99 Homes (2014),,"$121,234",,,,,,,,,,,,,,,,,,,,,,,"$32,860",,,$455,,,,,,,,"$2,764",,,,,"$71,041",,"$11,897",,,,,"$14,193",,,,,,,,,"$92,669",,,,,,,,,,"$11,355","$57,837",,,
2494384,,Aloft (2014),,,,,,,,,,,,,,,,,,,,,,,,,,,,,,,,,,,,,,,,,,,,,"$33,283",,,,,,,,,,,,,"$184,602",,,,,,,,,,,,,
3090634,,Eden (2014),$403,,"$12,431",,"$4,894",,,,,,,,,,"$65,460",,,,,,,"$204,434",,,,,,"$12,965",,,,,,,,,,,"$69,609",,,,"$8,590",,,,,,,,,,,,,,,"$36,161",,,,,,,"$1,451",,"$97,434",,,,
3655522,,Girlhood (2014),,,,,"$43,023",,,,,,,,,,,,,,,,,"$1,623,908",,,,,,"$1,372",,,,,,,,,,,,,,,"$8,031",,,,,,,,,,,,,,,"$24,399",,,,,,,,,,"$101,492",,,
3534602,,The D Train (2015),,,,,,,,,,,,,,,,,,,,,,,"$66,209",,,,,,,,,,,,,,,,,,,,,,,,,,,,,,,,,,,"$5,586",,,,,,,,,,"$13,233",,,
3172532,,The Diary of a Teenage Girl (2015),,,,,"$30,004",,,,,,,,,,,,,,,,,,"$61,306",,,,,,,,,,,,,,,,"$2,985",,,,,,$865,,$959,"$10,462",,,,,,,,"$7,437",,"$18,346","$39,922",,,,,,,,,"$125,845",,,
3850214,,Dope (2015),,,,,,,,,,,,,,"$3,241",,,,,,,,"$131,397","$71,910",,,,,,,,,,,,,,,,,"$201,096","$18,705",,,,,,,,,,,,,,,"$2,717",,"$2,436",,,,,,,,,,,,,
3640682,,I Smile Back (2015),,,,,,,,,,,,,,,,,,,,,,,,,,,,,,,,,,,,,,,,,,,,,,,,,,,,,,,,,,,,,,,,,,,"$4,635",,,,
2582496,,Me and Earl and the Dying Girl (2015),,"$342,021","$33,005",,"$37,520",,,,"$19,266",,,,,"$29,630",,,,,,,,"$11,945","$25,799",,,"$24,225",,,,,,,,,,,,,"$34,493",,"$90,971",,"$14,976",,,"$34,161",,,,,,,"$71,070",,,"$18,133",,"$188,131",,,,,,,,,,"$1,126,638",,,
4104022,,People Places Things (2015),,,,,,,,,,,,,,,,,,,,,,,,,,,,,,,,,,,,,,,,,"$110,292",,,,,,,,,,,,,,,,,,,,,,,,,,,,,,
3566788,,Songs My Brothers Taught Me (2015),,,,,,,,,,,,,,,,,,,,,,"$112,144",,,,,,,,,,,,,,,,,,,,,,,,,,,,,,,,,,,,,,,,,,,,,,,,,
0420293,,The Stanford Prison Experiment (2015),,,,,,,,,,,,,,,,,,,,,,,,,,,,,,,,,,,,,,,,,,,,,,,,,,,,,,,,,,,,,,,,,,,,"$2,553",,,
4145304,,Unexpected (2015),,,,,,,,,,,,,,,,,,,,,,,,,,,,,,,,,,,,,,,,,,,,,,,,,,,,,,,,,,,,,,,,,,,"$12,416",,,,
1598642,,Z for Zachariah (2015),,,,,,,,,,,,"$4,088",,,,,,,,,,,,,,,,,,,"$192,212",,,,,,,,,,,,,,,"$6,931",,"$26,710",,,,,,,,"$14,116","$14,612",,,,,,,"$1,709",,,,,,,
3465916,,Stations of the Cross (2014),,,"$5,250",,"$7,311",,,,,,,,,,,,,,,,,,"$43,775",,,,,,,,,,,,,,,,,,,,$319,,,,,"$2,295",,,,,,,,,,"$14,054",,,,,,,,,,,,,
1846487,,Reality (2012),"$42,868",,,,"$39,255",,"$66,284",,,,,,,,,,,,,,,"$337,325",,,,,,,,,"$2,617,973",,,,,,,,,,"$2,786",,,,,,,"$32,253",,,"$20,834",,,,,,,"$93,604",,,,,,,,,,"$25,237",,,
0306456,,Amnèsia (2002),,,,,,,,,,,,,,,,,,,,,,"$170,565",,,,,,,,,"$2,000,657",,,,,,,,,,,,,,,,,,,,,,,,,,,,,,,,,,,,,,,,
3962828,,In the Basement (2014),,,"$177,369",,,,,,,,,,,,,,,,$571,,,,,,,,,"$1,174",,,,,,,,,,,,,,,,,,,,,,,,,,,,,,"$3,279",,,,,,,,,,,,,
1039960,,Estomago: A Gastronomic Story (2007),,,,,"$30,463",,"$302,539",,,,,,,,,,,,,,,"$28,466",,,,,,,,,,,,,,,,,,"$47,049",,,,,,,,,,,,,,,,,,"$262,827",,,,,"$5,517",,,,,,,,
1883180,,A Pigeon Sat on a Branch Reflecting on Existence (2014),,,"$80,415",,,,,"$7,765",,,,"$4,610",,,,,,,,,"$26,012",,,,,,,,,,"$351,839",,,,,,$750,,,,,,"$201,947",,,,"$5,622",,,,"$62,641",,,,,,,"$117,205","$390,636",,,,,,,,,,,,
2667960,,Miss Julie (2014),,,"$6,855",,$415,,,,,,"$8,657",,,,,,,,,,,"$81,251",,,,,,,,,,,,,,,,,,,,,"$40,148",,,,,"$26,189",,"$6,649",,,,,,,,"$311,670",,,,,,,,,,"$45,260",,,
1674057,,All Together (2011),"$111,615","$284,301","$422,032",,,,"$587,199",,,,"$174,468",,"$8,396",,,,,,,,,"$3,062,436","$3,037,758",,,,,,,,"$255,537",,,,,,,,,"$312,528",,,"$81,329",,,,,"$10,106",,,,$232,,,,,,"$387,303",,,,,,,,,,,"$57,483",,
3066630,,The Forbidden Room (2015),,,,,,,,,,,,,,,,,,,,,,,,,,,,,,,,,,,,,,,,,,,,,,,,,,,,,,,,,,,,,,,,,,,,"$13,678",,,
1850397,,The Loft (2014),,,"$149,850",,"$876,294","$3,959",,,,,,,,"$26,801","$6,002,684",,"$58,241","$18,185",,,,,"$1,598,240",,,"$98,079","$41,185",,,,,,"$8,501",,,"$145,833",,,"$484,957",,,,"$1,473",,"$88,083",,"$235,662",,,"$197,211","$646,959",,,,,"$10,846",,,"$4,652",,,,,"$65,555","$117,325",,"$139,827",,,,
1649443,,[REC] 4: Apocalypse (2014),"$217,205",,,,"$139,908",,,,,,,,,,,,"$124,607",,,,,"$1,799,681",,,,"$329,727",,,,,,,,,,,,,,,,,,,"$704,052",,"$182,292",,,,"$158,058",,,,,,,"$1,259,390",,,,,,,,,,,,,
3480796,,Vice (2015),,,,,,,,,,,,,,,,,,,,,,,,,,,,,,,,,,,,,,"$343,877",,,,,,,"$42,064",,,,,,"$120,531",,"$29,401",,,,,,,,,,"$274,666",,,,,,,,
0815890,,The Blue Elephant (2006),,,,,,,,,,"$538,636",,,,,,,,,,,,,,,,,,,"$805,184",,,,,,,,,,,,,,,,,,,,,,,,,,,,,,,,,,,"$2,269,061",,,,,,,
0348847,,Masai: The Rain Warriors (2004),,,,,,,,,,,,,,,"$7,650",,,,,,,"$267,639",,,,,,,,,,,,,,,,,,,,,,,,,,,,,,,,,,,,,,,,,,,,,,,,,
2366608,,Lost River (2014),,,"$9,704",,"$27,828",,,,,,,,,,,,,,,,,"$335,454",,,,,,,,,"$130,371",,,,"$1,256",,,,,,,,,,,"$15,070","$28,375",,,,,,,,,,,"$18,324",,,,,,"$3,687",,,,,,,
1401643,,Black Venus (2010),,,,,,,,,,,,,,,,,,,,,,,,,,,,,,,,,,,,,,,"$22,964",,,,,,,,,,,,"$3,946",,,,,,,,,,,,,,,,,,,,
3660370,,Party Girl (2014),,,,,,,,,,,,,,,,,,,,,,,,,,,,,,,,,,,,,,,"$29,002",,,,,,,,,,,,,,,,,,,,,,,,,,,,,,,,
1583737,,Unforgivable (2011),,,,,"$69,332",,,,,,,,,,,,,,,,,"$1,099,385",,,,,,,,,,,,,,,,,,,,,,,,,,"$6,115",,,"$22,125",,,,,,,,,,,,,,,,,,,,
2929890,,In the Name of My Daughter (2014),,,,,"$4,951",,,,,,,,,,,,,,,,"$18,711","$2,127,384",,,"$109,325",,,,,,,,,,,,,,,,,,,,,,,,,,,,,,,,,,,,,,,,,,,,,,
2378079,,Scorpion in Love (2013),,,,,,,,,,,,,,,,,,,,,,,,,,,,,,,,,,,,,,,,,,,,,,,,,,,"$23,589",,,,,,,,,,,,,,,,,,,,
1037222,,Cody the Robosapien (2013),,,,,,"$3,209",,,,,,,,,,,,,,,,,,,,,,,,,,,,,,,,,"$191,504",,,,,$543,"$54,817",,,,"$1,904",,,,"$36,178",,,,,,,,,,,,,,,"$2,347",,,
1823125,,Greetings from Tim Buckley (2012),,,,,,,,,,,,,,,,,,,,,,,,,,$998,,,,,,,,,,,,,,,,,,,,,,,,,,,,,,,,,,,,,,,,,,,,,
2418440,,Three Many Weddings (2013),,,,,,,,,,,,,,,,,,,,,,,,,,,,,,,,,,,,,,,"$400,783",,,,,,,,,,,,,,,,,,,,,,,,,,,,,,,"$49,005",
3460252,,The Hateful Eight (2015),"$999,468","$10,872,430","$2,016,000",,"$1,754,496",,"$2,176,029","$110,031","$314,923",,"$81,094","$167,906","$816,386","$2,159,266","$54,117,416",,,,,,"$1,286,245","$12,377,651","$13,251,349",,"$552,337","$231,912","$623,695","$113,682","$160,648",,"$9,183,988","$2,060,447",,,"$80,573","$58,125","$143,329",,"$733,865","$3,481,841","$724,301",,"$1,958,495","$16,566","$164,744",,"$1,793,644","$438,173",,"$342,884","$6,432,602","$128,302","$165,361","$232,900","$103,969","$95,844","$848,222","$5,270,602","$2,645,782",,"$845,121","$1,669,594","$216,434","$191,822","$679,805","$350,147","$263,808","$10,425,114","$69,352",,
2192888,,The Anderssons in Greece (2012),,,,,,,,,,,,,,,,,,,,,"$108,846",,,,,,,,,,,,,,,,,,,,,,,,,,,,,,,,,,,,,"$35,619","$7,170,719",,,,,,,,,,,,
2652476,,The Little Penguin Pororo's Racing Adventure (2013),,,,,,,,,,"$940,000",,,,,,,,,,,,,,,,,,,,,,,,,,,,,,,,,,,,,,,,,"$248,467",,,,,,"$5,803,451",,,,,,,,,,"$70,035",,,,
3119416,,Stray Dogs (2013),,,,,,,,,,,,,,,,,,,,,,,,,,,,,,,,,,,,,,,,,,,,,,,,"$3,140",,,,,,,,,,,,,,,,,,,,,,,
2231253,,Wild Card (2015),,,,,,,,,,,,,,,,,,,,,,,,,,,,,,,,,,,,,,,,,,,,,,,,,,,,,"$58,449",,,,,,,,,,"$53,963","$230,295",,,,,,,
0392883,,Valley of Flowers (2006),,,,,,,,,,,,,,,,,,,,,,,,,,,,,,,,,,,,,,,,,,,,,,,,,,,"$27,915",,,,,,,,,,,,,,,,,,,,
2474438,,Attila Marcel (2013),,,,,,,"$59,962",,,,,,,,,,,,,,,,,,,,,,,,,,,,,,,,,,,,,,,,,,,,"$190,335",,,,,,"$596,188",,,,,,,,,,,,,,
3622592,,Paper Towns (2015),"$1,035,269","$3,782,146","$345,322","$73,996","$843,592","$57,913","$5,887,536","$31,713","$639,645",,"$387,998","$80,103","$156,783","$583,234",,,"$397,355",,"$58,847",,"$435,666","$3,105,831","$2,795,437",,"$22,657","$514,453",,"$40,331",,"$227,888","$3,106,315",,"$67,357","$10,952","$41,368","$157,678","$60,266","$350,971","$4,407,702","$1,303,034","$547,977","$8,125","$866,226","$15,566","$317,980","$1,044,602","$632,982","$357,589","$55,464","$123,512","$870,146","$57,061","$457,078","$97,768","$26,966","$196,109",,"$2,234,705","$1,170,446",,"$220,530","$264,332",,"$98,448",,"$80,056",,"$5,242,976","$90,292","$980,203",
3044244,,The Wonders (2014),"$32,109",,"$30,189",,"$72,481",,,"$4,381",,,,,,,"$73,378",,,,,,,"$1,127,672",,,"$23,566",,,,,,"$1,274,922",,,,,,,,,"$83,875",,,,,,,,,,,"$29,466",,,,,,,"$49,785",,,,,,,,,,,,,
0884732,,The Wedding Ringer (2015),,"$2,424,512","$323,052","$190,031",,,,"$225,786",,,,"$190,279",,,,,,"$21,340","$38,538","$10,159",,,"$851,510","$31,211",,,"$340,472","$59,275",,"$479,437",,,"$53,611","$42,817","$29,490","$197,722","$53,732","$344,803",,,"$270,020","$227,187",,"$61,278",,"$142,809",,"$154,143","$159,095","$447,202",,"$65,936","$336,044","$25,675","$79,374","$641,682",,"$575,473","$287,893",,,,,,,,"$897,994","$3,189,135","$90,800","$621,201","$93,615"
1379228,,Naan Kadavul (2009),,,,,,,,,,,,,,,,,,,,,,,,,,,,,,,,,,,,,,"$380,756",,,,,,,,,,,,,,,,,,,,,,,,,,,,,,,,,
2132486,,The Gruffalo's Child (2011),,,,,"$1,493",,,,,,,,,,,,,,,,,,,,,,,,,,,,,,,,,,,,,,,,,,,,,,,,,,"$22,229",,,,,,,,,,,,,"$17,465",,,
2535470,,Wyrmwood: Road of the Dead (2014),,"$96,372",,,,,,,,,,,,,,,,,,,,,,,,,,,,,,,,,,,,,,,,,,,,,,,,,,,,,,,,,,,,,,,,,"$14,769",,,,
3181822,,The Boy Next Door (2015),"$21,262",,"$483,430",,,,"$295,817","$39,414","$33,929",,"$242,649","$40,067",,,,,"$74,676",,"$27,848",,,"$177,792","$2,411,675",,,"$48,022","$202,360",,"$54,502","$405,723","$738,410",,"$22,422",,"$36,178","$162,481","$39,079","$295,408","$1,367,745","$591,939",,"$17,441",,"$26,467","$148,402","$500,285","$343,097","$125,633",,,"$939,603","$31,419","$178,155",,"$35,759","$139,293",,"$1,559,502",,,,"$278,639","$175,222",,,"$368,836","$375,947","$1,229,883","$43,691","$224,202",
3007302,,Boy Meets Girl (2014),,,,,,,,,,,,,,,,,,,,,,,,,,,,,,,,,,,,,,,,,,,,,,,,,,,"$6,166",,,,,,,,,,,,,,,,,,,,
2101383,,Knight of Cups (2015),,,"$16,434",,"$26,169",,,,,,,,,,,,,,,,"$13,534","$102,931","$144,174",,,,,,,,,,,,,,,,,"$64,402",,,,,,,,"$56,396",,,,,,,,"$2,425","$10,043",,,,,,"$4,121","$4,754",,,,"$14,899",,,
3544082,,45 Years (2015),"$135,142","$511,971","$148,882",,,,"$138,503",,,,,"$1,849",,"$205,504",,,,,,,"$345,368","$827,543","$1,044,405",,,"$24,050","$8,284","$8,539",,,"$580,899",,,,,"$9,379","$2,163",,"$82,493","$1,160,962","$291,048",,"$574,447",,,,,"$79,921",,,"$8,365",,,,"$23,831",,"$146,270","$599,421","$357,526",,,"$164,655","$38,698","$11,493","$14,627",,"$4,588","$2,632,138",,,
2711898,,Journal d'une femme de chambre (2015),,,,,"$69,133",,"$26,758",,,,"$1,637",,,,"$54,235",,,,,,,"$1,723,277",,,,,,,,,,,,,,,,,"$50,370",,,,,,,,"$5,142",$815,,"$11,173",,,,,,,,,,,"$29,522",,,,,,,,,,
4135844,,Ixcanul (2015),,,,,"$47,995",,,,,,,,,,,,,,,,,"$242,266","$4,789",,,,,,,,,,,,,,,,,,,,"$4,629",,,,,,,,,,,,,,,,,,,,,,,,,,,,
1037228,,Cloud 9 (2008),"$56,116",,"$181,125",,"$10,441",,,,"$37,480",,"$52,628",,,,"$91,675",,,,,,,"$85,830","$3,874,417",,,,$68,,,,"$145,980",,,,,,,,,"$53,115",,,"$69,885",,,,,"$10,526",,,"$2,034",,,,,,"$5,363","$155,768",,"$84,994",,,,,,,,"$28,302","$8,824",,
4226388,,Victoria (2015),,"$53,195",,,,,,,,,,,,,,,,,,,,,,,,,,,,,,,,,,,,,"$32,336",,,,,,,,,,,,$304,,,,,,,,,,,,,,,,,,,,
2042583,,The Golden Dream (2013),,,,,,,"$14,759",,,,"$12,330",,,,,,,,,,,,,,,,,,,,,,,,,,,,"$906,790",,,,,,,,,,,,,,,,,,,,,,,,,,,,,,,,
3409392,,Timbuktu (2014),,,"$92,724",,"$347,058",,,,,,,,,"$36,665",,,,,,,,"$4,152,207","$152,939",,"$22,713",,,,,,"$462,816",,,,,,,,"$152,897","$244,660",,,,,,,,,,,,,,,,,,"$411,238",,,,,"$13,934",,"$13,465",,,,,,
1303803,,Standing Ovation (2010),,,,,,,,,,,,,,,"$531,806",,,,,,,,,,,,,,,,,,,,,,,,,,,,,,,,,,,,,,,,,,,,,,,,,,,,"$18,612",,,,
2474024,,The Last Five Years (2014),,,,,,,,,,,,,,,,,,,,,,,,,,"$35,859",,,,,,,,,,,,,,,,,,,,"$34,441",,,,,,,"$16,939",,,,,"$2,138",,,,,"$22,140","$35,148",,,,,,,
2554274,,Crimson Peak (2015),"$929,644","$1,395,175","$427,033",,"$432,701","$30,346","$984,782","$120,557","$123,367",,"$130,469","$48,801","$152,669","$151,296",,,"$164,964","$40,266","$58,849",,"$327,822","$2,024,103","$1,939,635",,"$559,568","$336,551","$205,191","$30,978",,"$21,501","$2,058,385",,,"$5,530","$60,339","$47,658","$59,704","$543,696","$5,716,941","$563,879","$209,163",,,"$12,703","$183,657","$207,244","$375,169","$343,225",,"$209,912","$4,783,752","$27,852","$462,003","$71,044","$31,381","$122,633","$312,156","$3,437,403","$653,402",,"$43,423","$74,691","$935,400","$163,589","$189,800","$493,594","$407,444","$3,604,199","$19,406",,"$549,306"
4168188,,Chaar Sahibzaade (2014),,"$544,837",,,,,,,,,,,,,,,,,,,,,,,,,,,"$263,975",,,,,,,,,,,,"$105,693",,,,,,,,,,,,,,,,,,,,,,,,,,,,,,
2132374,,Life's a Breeze (2013),,,,,,,,,,,,,,,"$3,450",,,,,,,,,,,,,,,,,,,,,,,,,,,,,,,,,,,,,,,,,,,,,,,,,,,,,"$99,668",,,
1235537,,Mahler on the Couch (2010),,,"$173,233",,,,,,,,,,,,,,,,,,,,"$579,981",,,,,,,,,,,,,,,,"$19,294",,,,,,,,,,,,,,,,,,,,,,,,,,,,,,,,
1123970,,Phantom Pain (2009),,,,,,,,,,,,,,,,,,,,,,,,,,,,,,,,,,,,,,,,,,,,,,,,,,,"$9,574",,,,,,,,,,,,,,,,,,,,
2637294,,Hot Tub Time Machine 2 (2015),,,,,,,,,,,,,,,,,,,,,,,,,,,,"$1,163",,,,,,,,,,,,,,,"$1,088",,,,,,,,"$374,043",,,,,,,,,,,,,,,,,"$132,158",,,
0447619,,The Stone Council (2006),,,,,,,,,,,,,,,,,,,,,,,,,,,,,,,,,,,,,,,,,,,,,,,,,,,"$390,000",,,,,,,,,,,,,,,,,,,,
1314237,,The French Kissers (2009),,"$57,539",,,,,,,,,,,,,,,,,,,,,,,,,,,,,,,,,,,,,,,,,,,,,,,,,,,,,,,,,,,,,,,,,,,,,
3467440,,Up in the Wind (2013),,,,,,,,,,"$11,780,000",,,,,,,,,,,,,,,,,,,,,,,,,,,,,,,,,,,,,,,,,,,,,,,,,,,,,,,,,,,,,
3877718,,Tokyo Fiancée (2014),,,,,,,,,,,,,,,,,,,,,,,,,,"$42,817",,,,,,,,,,,,,,,,,,,,,,,,,,,,,,,,,,,,,,,,,,,,,
2290553,,Northmen: A Viking Saga (2014),,,,,,,,,,,,,,,,,,,,,,,,,,,,,,,,,,,,,,"$350,303",,,,,,,,,,,,,"$837,203",,,,,,,,,,,,,,,,,,,,"$51,111"
2436452,,Exhibition (2013),,,,,,,,,,,,,,,,,,,,,,,,,,,,,,,,,,,,,,,,,,,$34,,,,,,,,,,,,,,,,,,,,,,,,,,,,
2933474,,Superfast! (2015),,,,,,,"$287,851",,,,,,,,,,,,,,,,,,,,,,,,,,,,,,,,,,,,,,,,,,,,"$419,987",,,,,,,,,,,,,"$254,839",,,,,,,"$9,475"
1605798,,Effie Gray (2014),,,,,,,,,,,,,,,,,,,,,,,,,,,,,,,,,,,,,,,,,,,,,,,,,,,,,,,,,,,,,,,,,,,,"$368,609",,,
2392672,,Reality (2014),,,,,"$10,490",,,,,,,,"$2,237",,,,,,,,,"$408,492",,,,,,,,,,,,,,,,,,,"$5,601",,,,,,"$2,400",,,,,,,,,,,,,,,,,,,,,,,,
2381941,,Focus (2015),$707,"$6,675,972","$308,212",,"$1,306,251",,"$5,090,837","$240,064","$461,655",,"$2,139,051","$209,714","$145,934","$536,145",,,"$631,059","$656,749","$148,184",,"$105,407","$5,335,745","$3,082,610",,"$568,091","$682,865","$33,989","$68,459","$393,049","$746,885","$5,680,356","$3,657,012","$111,683","$367,528","$159,787","$483,712","$101,165","$405,795","$8,410,724","$2,885,683","$667,314",,$397,"$191,816","$979,141","$383,629","$771,233","$644,937",,"$796,937","$10,283,707","$82,393","$414,700","$163,809","$47,326","$753,095","$494,204","$4,638,701","$978,809",,"$462,192","$707,980","$1,116,630","$321,292","$315,037","$202,923","$2,571,083","$10,972,916","$158,963",,"$13,673"
1707380,,Every Thing Will Be Fine (2015),,,"$24,432",,"$28,464",,,"$11,345",,,,,,,,,,,,,,,"$144,688",,"$14,757","$22,655",,,,,"$212,233",,,,,,,,,,,,,,,,,"$9,178",,,,"$2,384",,,,"$6,500","$50,714","$1,538",,,,,,,"$11,895",,"$4,937",,,,
2279373,,The SpongeBob Movie: Sponge Out of Water (2015),$205,"$6,322,043","$1,462,132",,"$2,129,451","$560,997","$17,188,528","$502,432","$1,657,101","$8,762,372","$1,352,559","$347,088","$1,321,939","$256,826",,,"$1,713,004","$84,955","$202,674",,"$514,773","$7,999,456","$11,051,014",,"$1,277,484","$564,004","$1,059,284","$253,443","$179,425","$4,347,459","$5,528,309","$212,445","$82,249","$247,077","$229,571","$300,743","$322,129","$1,285,739","$15,176,891","$2,935,503","$1,134,011",,,"$103,303","$2,946,120","$1,072,828","$2,322,967","$874,134",,"$509,234","$8,862,353","$262,627","$872,925","$252,395","$256,054","$1,222,719","$2,162,048","$6,237,937","$588,692",,"$256,164",,"$1,062,409","$401,658","$1,671,456","$761,641","$1,295,734","$11,898,007","$245,158",,
1841642,,Demonic (2015),"$497,618",,,,,"$43,297",,,"$160,437",,"$185,601",,,,,,"$105,395",,,,,,,,,,,,,,,,,,,,,"$617,160","$1,622,108",,,,,,,,,,,,"$149,377",,"$281,018",,,,,,,,,,"$97,185","$143,521",,,,,"$18,779",,
0475331,,The Magic Flute (2006),"$27,214","$35,140",,,,,,,$629,,,,,,,,,,,,,"$159,065","$32,170",,,,,,,,"$92,753","$1,294,175",,,,,,,,,,,,,,,,,,,,,,,,,,"$115,600","$87,026",,,,"$12,050",,,,,"$133,655",,"$5,688",
2555736,,The Second Best Exotic Marigold Hotel (2015),"$240,099","$12,427,033","$310,173","$5,570","$371,888",,"$263,466",,"$63,023",,"$142,192","$25,264",,"$362,819","$33,078,266",,"$43,814","$10,635",,,"$132,579","$713,887","$2,345,145",,"$39,127","$231,791","$65,172","$8,462","$166,539","$141,931","$860,978",,"$2,709","$29,097","$16,323","$51,906","$12,974","$54,907","$376,881","$446,881","$2,644,487",,,"$10,841","$62,104","$17,001","$185,450","$178,165","$8,282",,"$439,590","$12,222","$191,320","$6,499","$19,946","$490,174",,"$2,433,712","$652,586",,"$224,310","$409,838","$210,338",,"$32,496",,"$220,822","$23,064,109","$54,534","$136,740",
1951218,,Piggy (2012),,,,,,,,,,,,,,,,,,,,,,,,,,,,,,,,,,,,,,,,,$496,,,,,,,,,,,,,,,,,,,,,,,,,,,,,,
2992152,,Personal Tailor (2013),,"$96,993",,,,,,,,"$115,520,000",,,,,,,,,,,,,,,,"$67,356",,,,,,,,,,,,,,,"$66,217",,,,,,,,,,,,,,,,,,,,,,,,,,,,,,
0428940,,Papa (2005),,,,,,,,,,,,,,,,,,,,,,"$2,029,957",,,,,,,,,,,,,,,,,,,,,,,,,,,,,,,,,,,"$1,747,575",,,,,,,,,,,,,,
0478687,,Call Me Elisabeth (2006),,,,,,,,,,,,,,,,,,,,,,,,,,,,,,,,,,,,,,,"$1,978",,,,,,,,,,,,,,,,,,,,,,,,"$10,214",,,,,,,,
0425125,,The Color of Milk (2004),,,,,,,,,,,,,,,,,,,,,,,"$53,193",,,,,,,,,,,,,,,,,,,,"$673,036",,,,,,,,,,,,,,,,,,,,,,,,,,,,
1710393,,Ismael (2013),"$74,026",,,,,,,,"$21,770",,,,,,,,,,,,,,,,,,,,,,,,,,,,,,,,,,,,,,,,,,,,,,,,,,,,,,,,,,,,"$7,288",,
2401097,,Tracers (2015),,,,,,,,,,,,,,,,,,,,,,,,,,"$15,214",,,,,,,,,,,,"$301,979",,,,,,,,,,,,,,,"$78,962",,,,"$137,676",,,,,,,"$327,417",,,,,,,
2097298,,"McFarland, USA (2015)",,,,,,,,,,,$711,,,,,,"$118,809",,,,,,,,,,,,,"$16,746",,,,,,,,,"$424,265",,,,"$1,774",,"$27,572",,,,,,,,,,,"$9,154",,,,,,,,,"$10,713",,,"$19,401","$2,666",,
2909116,,Wolf Totem (2015),"$4,740",,"$55,315",,"$198,456",,,,"$1,800","$110,460,000","$18,761",,,,,,"$5,369",,,,,"$8,811,832","$394,554",,,"$269,068",,,,,"$3,473,496",,,,,,,,,,,,,,,,,"$93,728",,"$15,503",,,,,"$2,999","$13,321",,"$1,531,645",,,"$239,537",,,$869,"$35,486",,,,,,
2918436,,The Lazarus Effect (2015),$18,,,,,,"$1,552,578",,"$52,459",,,"$12,567","$51,953",,,,"$96,929","$65,091","$11,784",,,"$1,186,091",,,,"$93,316","$125,511",,,,"$800,042","$61,035","$8,801",,"$10,341","$24,950","$27,804","$150,034","$3,143,528",,,,,"$10,477","$309,063","$162,115",,"$19,216",,,"$449,107",,"$132,915","$85,353",,"$40,349","$120,519",,,,,,"$234,215","$62,900","$272,339","$50,247","$123,324",,"$63,847",,
2358925,,Unfinished Business (2015),,"$1,073,442",,,,,,,,,,,,,,,,,,,,"$1,550",,,,,"$135,824",,,,,,,,,,,,,,"$160,405",,,,"$80,777","$144,497",,,,,"$604,515",,"$167,917",,,"$10,371",,"$98,031",,,,,,,,"$163,653",,"$1,057,035",,,
3745620,,Bogowie (2014),,,,,,,,,,,,,,,,,,,,,,,,,,,,,,,,,,,,,,,,,,,,,,,"$11,596,605",,,,,,,,,,,"$7,336",,,,,,,,,,"$356,717",,,
2935564,,The Connection (2014),,,,,,,"$74,278",,,,,,,,,,,,,,,"$11,447,153",,,,,,,,,"$158,810",,,,"$5,744","$9,878","$6,527",,,,,,"$96,226",,,,,,,,"$40,555",,,,,,,"$16,048",,,,,,,"$16,242",,,,,,
1826660,,Soulless (2012),,,,,,,,,,,,,,,,,,,,,,,,,,,,,,,,,,,,,,,,,,,,,,,,,,,"$13,364,412",,,,,,,,,,,,,,,,,,,,
1433810,,Mumbai Diaries (2010),,"$65,442",,,,,,,,,,,,,,,,,,,,,,,,,,,"$2,404,243",,,,,,,,,"$22,936",,,"$13,698",,,,,,,,,,,,,,,,,,,,,,,,,,,,,,
2359810,,Raanjhanaa (2013),,"$42,817",,,,,,,,,,,,,,,,,,,,,,,,,,,"$8,594,038",,,,,,,,,,,,,,,,,,,,,,,,,,,,,,,,,,,,,,,"$225,712",,,
0098606,,The Voice of the Moon (1990),,,,,,,,,,,,,,,,,,,,,,,,,,,,,,,,,,,,,,,,,,,,,,,,,,,"$20,709",,,,,,,,,,,,,,,,,,,,
3233418,,Spare Parts (2015),,,,,,,,,,,,,,,,,,,,,,,,,,,,,,,,,,,,,,,"$79,228",,,,,,,,,,,,,,,,,"$3,141",,,,,,,,,,,$44,,,,
1620449,,Conference of Animals (2010),,,,,,"$52,373","$1,688,896",,,,,,,,,,,,,,,,,,,,,,,,,,,,,,,,,,,,,,"$427,790",,,,,,"$5,002,839",,"$103,597",,,,"$1,605,278",,,,,,,,,,,,,,
1210117,,Impy's Wonderland (2008),,,"$208,296",,,"$327,790","$327,790",,,,,,,,,,,,,,,"$738,142","$3,072,041",,,,,,,,"$273,774",,,,,,,,,,,,,,,,"$380,775","$78,805",,,"$1,234,584",,,,,,"$164,546",,,,,,,,"$343,601",,,,,,
2295722,,Falcon Rising (2014),,,,"$11,451",,,,,,,,,,,,,,,,,,,,,,,,,,,,,"$18,964",,,,,,,,,,,"$61,889",,,,,,,,,,,,,,,,,,,,,,,"$163,398",,,,
1646127,,Lights Out (2010),,,,,,,,,,,,,,,,,,,,,,,,,,,,,,,,,,,,,,,,,,,,,,,,,,,,,"$5,682",,,,,,,,,,,,,,,,,,
2379318,,Bright Days Ahead (2013),,,"$156,578",,"$73,405",,"$442,325",,,,,,,,"$21,770",,,,,,,"$3,318,325","$562,561",,"$19,500",,,,,,,,,,,,,,,"$89,880",,,,,,,,,,,"$50,709",,,,,,,"$130,820",,,,,,,,,,"$71,929","$11,237",,
2719094,,Doll (2013),,,,,,,,,,,,,,,,,,,,,,,,,,,,,,,,,,,,,,,,,,,,,,,"$529,112",,,,,,,,,,,"$36,776",,,,,,,,,,"$1,642",,,
2139919,,Gimme the Loot (2012),,,,,,,,,,,,,,,,,,,,,,,,,,,,,,,,,,,,,,,,,,,,,,,,,,,,,,,,,,,,,,,,,,,,"$12,341",,,
2199571,,Run All Night (2015),"$461,642","$1,038,829","$316,257",,"$438,479","$106,163","$1,013,320","$80,292","$382,167",,,"$51,119","$96,059","$194,506",,"$17,552","$335,275","$201,953","$18,924",,"$18,554","$2,904,398","$2,634,943",,"$414,247","$453,186","$276,357","$35,220","$147,242","$713,466","$1,052,643","$1,292,719","$65,614","$17,552","$17,729","$294,744","$33,590","$885,092","$3,765,177","$605,692","$209,278","$40,723","$131,078","$160,789","$609,569","$726,575","$365,455","$264,629",,"$301,796","$980,224","$22,362","$607,179","$104,390","$10,359","$389,447","$1,953,415","$1,278,216","$575,393",,"$87,206","$369,920","$1,551,263","$338,755",,,"$1,659,075","$3,033,411","$78,832","$663,171","$259,506"
3331846,,Stand by Me Doraemon (2014),,,,,,,,,,"$86,920,000",,,,,,,,,,,,,,,,"$6,047,317",,,,,,"$79,003,725",,,,,,"$55,060",,,,,,,,"$5,877",,,,,,,"$593,842",,,,"$3,275,458",,,,,,"$864,812","$1,290,644",,,,,,,
1780798,,Clown (2014),"$295,554",,,,,"$22,647",,,,,"$118,142",,,,,,"$70,488",,,,,,,,,,,,,,"$1,720,061",,"$6,433",,,,,,"$1,726,619",,,,,"$19,092","$159,807","$65,981",,,,,,,,,,,,,,,,,,,,,"$114,356",,"$7,416",,
2253939,,Camille Rewinds (2012),,,,,,,"$76,162",,,,,,,,,,,,,,,,,,,,,,,,,,,,,,,,,,"$16,398",,,,,,,,,,,,,,,,"$36,063",,,,,,,,,,,,,,
3171764,,Killer Mermaid (2014),,,,,,,,,,,,,,,,,,,,,,,,,,,,,,,,,,,,,,,,,,,,,,"$87,983",,,,,,,,,,,,,,,,,,,,,,,,,
1661199,,Cinderella (2015),"$1,368,674","$17,332,032","$946,527",,"$1,951,006","$422,027","$16,135,396","$396,396","$1,593,498","$71,570,000","$2,543,497","$112,514","$567,891","$911,417","$201,151,353","$257,957","$2,086,057","$246,728","$95,449",,"$1,013,205","$11,265,336","$7,700,576",,"$899,620","$2,487,624","$518,592","$97,904","$1,650,320","$729,315","$16,178,079","$47,180,932","$169,184","$257,957","$77,541","$600,532","$82,442","$4,526,298","$15,486,930","$1,427,671","$2,544,059","$18,676","$4,113,689","$203,292","$2,670,566","$4,702,050","$2,144,073","$1,122,985",,"$536,161","$11,464,091","$92,283","$6,045,781","$174,076","$58,518","$1,113,164","$5,064,161","$8,693,087","$1,705,712",,"$680,102","$1,093,963","$1,704,196","$2,555,524","$1,211,658","$647,757","$3,025,190","$32,849,459","$197,946","$8,189,996","$39,133"
3013588,,My Summer in Provence (2014),,,,,,,"$12,600",,,,,,,,,,,,,,,,,,,,,,,,,,,,,,,,,,,,,,,,,,,,,,,,,,"$28,542",,,,,,,,,,,,,,
2917388,,Kidnapping Mr. Heineken (2015),"$99,965",,,,,,"$546,741",,,"$1,430,721","$58,285",,,,,,,,,,,,,,,"$52,537",,,,,,,,,,,,,,,"$33,417",,,,,"$72,656",,,,,"$58,007",,"$16,843",,,,,,,,,,,"$90,313",,,,,"$38,497",,"$82,836"
3203616,,The Cobbler (2014),,,,,,"$23,283","$1,056,200",,"$100,695",,,,,,,,"$84,782",,,,,,,,,"$106,562",,,,,,,,,,,,"$344,398","$1,353,414",,,,,,"$851,715",,,,,,,,"$102,562",,,,"$283,528",,,,,,"$60,926",,,,,,"$85,838","$166,559",
